type,microsite,url,sale,rent,datetime,agent_url
1,False,Nexa Properties Hampshire,4,0,2020-01-29 21:45:10.407589,https://www.rightmove.co.uk/overseas-property/estate-agents/Nexa-Properties/Hampshire-219644.html
1,False,Barnes Costa del Sol SL Marbella,0,0,2020-01-29 21:45:10.483387,https://www.rightmove.co.uk/overseas-property/estate-agents/Barnes-Costa-del-Sol-SL/Marbella-219656.html
1,False,ADJ House Specialists San Javier,8,0,2020-01-29 21:45:10.514304,https://www.rightmove.co.uk/overseas-property/estate-agents/ADJ-House-Specialists/San-Javier-219653.html
1,False,Private Seller Edoardo Cavallo,1,0,2020-01-29 21:45:10.594091,https://www.rightmove.co.uk/overseas-property/estate-agents/Private-Seller/Edoardo-Cavallo-219641.html
0,True,White & Brooks Chichester,24,0,2020-01-29 21:45:10.676869,https://www.rightmove.co.uk/estate-agents/agent/White-and-Brooks/Chichester-219662.html
1,False,Real Casa Italy Rome,14,0,2020-01-29 21:45:10.760646,https://www.rightmove.co.uk/overseas-property/estate-agents/Real-Casa-Italy/Rome-219665.html
2,False,Car Care Preston Preston,0,1,2020-01-29 21:45:10.904261,https://www.rightmove.co.uk/estate-agents/agent/Car-Care-Preston/Preston-219593.html
0,False,HomeHappy West Malling,0,8,2020-01-29 21:45:10.966096,https://www.rightmove.co.uk/estate-agents/agent/HomeHappy/West-Malling-219563.html
1,False,Private Seller Robin Griggs,1,0,2020-01-29 21:45:11.011974,https://www.rightmove.co.uk/overseas-property/estate-agents/Private-Seller/Robin-Griggs-219596.html
1,False,Nexa Properties Hampshire,4,0,2020-01-29 21:45:11.036907,https://www.rightmove.co.uk/overseas-property/estate-agents/Nexa-Properties/Hampshire-219644.html
0,True,Ullyotts Driffield Lettings,0,8,2020-01-29 21:45:11.064833,https://www.rightmove.co.uk/estate-agents/agent/Ullyotts/Driffield-Lettings-219623.html
1,False,Pennickblackwell Property La Nucia,33,0,2020-01-29 21:45:11.405935,https://www.rightmove.co.uk/overseas-property/estate-agents/Pennickblackwell-Property/La-Nucia-219557.html
1,False,Engel & Völkers Benidorm Benidorm,87,0,2020-01-29 21:45:11.442837,https://www.rightmove.co.uk/overseas-property/estate-agents/Engel-and-Vlkers-Benidorm/Benidorm-219560.html
1,False,PREMIUM GROUP Kefalonia,17,0,2020-01-29 21:45:11.707149,https://www.rightmove.co.uk/overseas-property/estate-agents/PREMIUM-GROUP/Kefalonia-219542.html
1,False,Private Seller Mr & Mrs Naess,1,0,2020-01-29 21:45:11.922573,https://www.rightmove.co.uk/overseas-property/estate-agents/Private-Seller/Mr-and-Mrs-Naess-219533.html
1,False,Private Seller Michael Dando,1,0,2020-01-29 21:45:11.963468,https://www.rightmove.co.uk/overseas-property/estate-agents/Private-Seller/Michael-Dando-219536.html
0,False,Carter Jonas Rural Taunton Leisure,47,0,2020-01-29 21:45:12.107080,https://www.rightmove.co.uk/estate-agents/agent/Carter-Jonas-Rural/Taunton-Leisure-219554.html
1,False,Private Seller Gerard O'Sullivan,1,0,2020-01-29 21:45:12.248702,https://www.rightmove.co.uk/overseas-property/estate-agents/Private-Seller/Gerard-OSullivan-219530.html
1,False,Private Seller Joseph Vettese,1,0,2020-01-29 21:45:12.281614,https://www.rightmove.co.uk/overseas-property/estate-agents/Private-Seller/Joseph-Vettese-219521.html
1,False,YOUR MOVE SPAIN Murcia,295,0,2020-01-29 21:45:12.355417,https://www.rightmove.co.uk/overseas-property/estate-agents/YOUR-MOVE-SPAIN/Murcia-219515.html
0,False,Z O Properties London,0,19,2020-01-29 21:45:12.429219,https://www.rightmove.co.uk/estate-agents/agent/Z-O-Properties/London-219524.html
1,False,Sea View Real Estate and Investments SL Malaga,10,0,2020-01-29 21:45:12.657624,https://www.rightmove.co.uk/overseas-property/estate-agents/Sea-View-Real-Estate-and-Investments-SL/Malaga-219512.html
1,False,Private Seller Carol & Larry Kenny,1,0,2020-01-29 21:45:12.798248,https://www.rightmove.co.uk/overseas-property/estate-agents/Private-Seller/Carol-and-Larry-Kenny-219488.html
0,False,Northwood Nottingham lettings,0,5,2020-01-29 21:45:12.826173,https://www.rightmove.co.uk/estate-agents/agent/Northwood/Nottingham-lettings-219494.html
0,True,Balgores Loughton - Lettings,0,3,2020-01-29 21:45:13.413618,https://www.rightmove.co.uk/estate-agents/agent/Balgores/Loughton---Lettings-219440.html
1,False,Sherry FitzGerald Brennan Busteed Bandon,16,0,2020-01-29 21:45:13.677911,https://www.rightmove.co.uk/overseas-property/estate-agents/Sherry-FitzGerald-Brennan-Busteed/Bandon-Cork-219431.html
0,False,Lime Auction House London,1,0,2020-01-29 21:45:13.707831,https://www.rightmove.co.uk/estate-agents/agent/Lime-Auction-House/London-219428.html
1,False,Private Seller Barry Moore,1,0,2020-01-29 21:45:13.840476,https://www.rightmove.co.uk/overseas-property/estate-agents/Private-Seller/Barry-Moore-219416.html
1,False,Private Seller Yordan Cenov,1,0,2020-01-29 21:45:13.915276,https://www.rightmove.co.uk/overseas-property/estate-agents/Private-Seller/Yordan-Cenov-219413.html
1,False,Private Seller Sally Embleton,1,0,2020-01-29 21:45:14.111752,https://www.rightmove.co.uk/overseas-property/estate-agents/Private-Seller/Sally-Embleton-219410.html
2,False,Gabriel's Angels Management Ltd Wokingham,0,1,2020-01-29 21:45:14.338166,https://www.rightmove.co.uk/estate-agents/agent/Gabriels-Angels-Management-Ltd/Wokingham-219383.html
2,False,My Lockup Limited Darlington,0,0,2020-01-29 21:45:14.522673,https://www.rightmove.co.uk/estate-agents/agent/My-Lockup-Limited/Darlington-219419.html
0,False,TLC Yorkshire Properties LTD Harrogate,5,0,2020-01-29 21:45:14.896672,https://www.rightmove.co.uk/estate-agents/agent/TLC-Yorkshire-Properties-LTD/Harrogate-219392.html
1,False,Barnes International Barnes Valbonne,1,0,2020-01-29 21:45:14.966487,https://www.rightmove.co.uk/overseas-property/estate-agents/Barnes-International/Barnes-Valbonne-219341.html
1,False,Made In Paris Paris,2,0,2020-01-29 21:45:15.149996,https://www.rightmove.co.uk/overseas-property/estate-agents/Made-In-Paris/Paris-219347.html
1,False,Capifrance Capifrance (sandrine Bourdier),4,0,2020-01-29 21:45:15.218812,https://www.rightmove.co.uk/overseas-property/estate-agents/Capifrance/Capifrance-sandrine-Bourdier-219332.html
2,False,The Gashouse Co Essex,0,1,2020-01-29 21:45:15.297601,https://www.rightmove.co.uk/estate-agents/agent/The-Gashouse-Co/Essex-219386.html
0,False,Andrew Downing-Booth Estate Agents Lichfield,1,0,2020-01-29 21:45:15.353451,https://www.rightmove.co.uk/estate-agents/agent/Andrew-Downing-Booth-Estate-Agents/Lichfield-219329.html
0,False,DeTrafford Lettings Wilmslow,0,9,2020-01-29 21:45:15.386364,https://www.rightmove.co.uk/estate-agents/agent/DeTrafford-Lettings/Wilmslow-219335.html
1,False,Private Seller Michael Barnes,1,0,2020-01-29 21:45:15.681574,https://www.rightmove.co.uk/overseas-property/estate-agents/Private-Seller/Michael-Barnes-219425.html
1,False,Valbonne Properties Valbonne,50,0,2020-01-29 21:45:15.723463,https://www.rightmove.co.uk/overseas-property/estate-agents/Valbonne-Properties/Valbonne-219338.html
0,False,Almond Property Hornchurch,0,1,2020-01-29 21:45:15.930909,https://www.rightmove.co.uk/estate-agents/agent/Almond-Property/Hornchurch-219344.html
0,False,Storeys London,1,0,2020-01-29 21:45:16.115415,https://www.rightmove.co.uk/estate-agents/agent/Storeys/London-219299.html
1,False,Plusvillas Home Design S.L. Calpe,0,0,2020-01-29 21:45:16.207170,https://www.rightmove.co.uk/overseas-property/estate-agents/Plusvillas-Home-Design-SL/Calpe-219284.html
0,False,Property Net Bradford LTD Bradford,8,0,2020-01-29 21:45:16.439549,https://www.rightmove.co.uk/estate-agents/agent/Property-Net-Bradford-LTD/Bradford-219320.html
0,False,Lovett Estate & Lettings Agents Bournemouth,0,102,2020-01-29 21:45:16.764679,https://www.rightmove.co.uk/estate-agents/agent/Lovett-Estate-and-Lettings-Agents/Bournemouth-219257.html
2,False,Griffin Land Agency and Consultancy Ltd Staffordshire,1,0,2020-01-29 21:45:16.798589,https://www.rightmove.co.uk/estate-agents/agent/Griffin-Land-Agency-and-Consultancy-Ltd/Staffordshire-219314.html
0,False,Regents Residential Limited London,1,0,2020-01-29 21:45:16.852445,https://www.rightmove.co.uk/estate-agents/agent/Regents-Residential-Limited/London-219260.html
2,False,CP Brasseries Limited London,0,1,2020-01-29 21:45:17.163613,https://www.rightmove.co.uk/estate-agents/agent/CP-Brasseries-Limited/London-219293.html
0,False,Ulrich Katusevanako Kegworth,1,0,2020-01-29 21:45:17.197523,https://www.rightmove.co.uk/estate-agents/agent/Ulrich-Katusevanako/Kegworth-219278.html
1,False,Hello Spain Properties Fuengirola,97,0,2020-01-29 21:45:17.638344,https://www.rightmove.co.uk/overseas-property/estate-agents/Hello-Spain-Properties/Fuengirola-219224.html
2,False,Gray Point Commercial Property Consultants Twickenham,1,1,2020-01-29 21:45:17.712147,https://www.rightmove.co.uk/estate-agents/agent/Gray-Point-Commercial-Property-Consultants/Twickenham-219251.html
2,False,Port Hall Estates Brighton,4,0,2020-01-29 21:45:17.813875,https://www.rightmove.co.uk/estate-agents/agent/Port-Hall-Estates/Brighton-219281.html
0,False,Town & Country - Auctions Bournemouth,39,0,2020-01-29 21:45:17.886681,https://www.rightmove.co.uk/estate-agents/agent/Town-and-Country---Auctions/Bournemouth-219272.html
1,False,Bulgaria Direct Veliko Tarnovo,5,0,2020-01-29 21:45:17.932558,https://www.rightmove.co.uk/overseas-property/estate-agents/Bulgaria-Direct/Veliko-Tarnovo-219200.html
0,True,A Wilson Estates Stalybridge - Lettings,0,11,2020-01-29 21:45:17.987412,https://www.rightmove.co.uk/estate-agents/agent/A-Wilson-Estates/Stalybridge---Lettings-219296.html
0,False,RM Team Lettings Place,0,1,2020-01-29 21:45:18.162942,https://www.rightmove.co.uk/estate-agents/agent/RM-Team/Lettings-Place-219197.html
2,False,Priestley & Co Ltd Leeds,0,5,2020-01-29 21:45:18.232755,https://www.rightmove.co.uk/estate-agents/agent/Priestley-and-Co-Ltd/Leeds-219221.html
0,False,Accent Resale,2,0,2020-01-29 21:45:18.453166,https://www.rightmove.co.uk/estate-agents/agent/Accent/Resale-219134.html
0,False,Student Luxe London,0,23,2020-01-29 21:45:18.605758,https://www.rightmove.co.uk/estate-agents/agent/Student-Luxe/London-219122.html
1,False,Private Seller Geoffrey Brown,1,0,2020-01-29 21:45:18.676569,https://www.rightmove.co.uk/overseas-property/estate-agents/Private-Seller/Geoffrey-Brown-219116.html
1,False,Private Seller Tony Swales,1,0,2020-01-29 21:45:18.712473,https://www.rightmove.co.uk/overseas-property/estate-agents/Private-Seller/Tony-Swales-219113.html
1,False,Private Seller Colin Hardwick,1,0,2020-01-29 21:45:18.920916,https://www.rightmove.co.uk/overseas-property/estate-agents/Private-Seller/Colin-Hardwick-219095.html
2,False,786 Properties Tamworth,1,0,2020-01-29 21:45:18.958814,https://www.rightmove.co.uk/estate-agents/agent/786-Properties/Tamworth-219158.html
0,False,IBSA Property London,1,0,2020-01-29 21:45:19.063534,https://www.rightmove.co.uk/estate-agents/agent/IBSA-Property/London-219089.html
1,False,Farrell Property Group Carrick on Shannon,0,0,2020-01-29 21:45:19.224106,https://www.rightmove.co.uk/overseas-property/estate-agents/Farrell-Property-Group/Carrick-on-Shannon-219092.html
1,False,Private Seller Bjorg Vassiliades,1,0,2020-01-29 21:45:19.322842,https://www.rightmove.co.uk/overseas-property/estate-agents/Private-Seller/Bjorg-Vassiliades-219071.html
0,False,CENTURY 21 LEICESTER Leicester,2,3,2020-01-29 21:45:19.352762,https://www.rightmove.co.uk/estate-agents/agent/CENTURY-21-LEICESTER/Leicester-219185.html
1,False,Private Seller Cedo Mikic,1,0,2020-01-29 21:45:19.496378,https://www.rightmove.co.uk/overseas-property/estate-agents/Private-Seller/Cedo-Mikic-219062.html
1,False,Private Seller Brian Mawtus,1,0,2020-01-29 21:45:19.597108,https://www.rightmove.co.uk/overseas-property/estate-agents/Private-Seller/Brian-Mawtus-219083.html
0,True,Foxtons Auction Covering London,13,0,2020-01-29 21:45:19.651961,https://www.rightmove.co.uk/estate-agents/agent/Foxtons-Auction/Covering-London-219074.html
0,False,Fusion Students Zenith,0,8,2020-01-29 21:45:19.790591,https://www.rightmove.co.uk/estate-agents/agent/Fusion-Students/Zenith-219059.html
0,False,Fusion Students Luna,0,4,2020-01-29 21:45:19.873370,https://www.rightmove.co.uk/estate-agents/agent/Fusion-Students/Luna-219056.html
1,False,Visit Cape Verde Santa Maria,4,0,2020-01-29 21:45:19.969114,https://www.rightmove.co.uk/overseas-property/estate-agents/Visit-Cape-Verde/Santa-Maria-219044.html
0,False,Joel Ross Property London,4,1,2020-01-29 21:45:20.196506,https://www.rightmove.co.uk/estate-agents/agent/Joel-Ross-Property/London-219065.html
1,False,La Vida Spain,3,0,2020-01-29 21:45:20.229418,https://www.rightmove.co.uk/overseas-property/estate-agents/La-Vida-Spain/Murcia-219041.html
0,False,First Investments Group LTD Sutton Coldfield,0,0,2020-01-29 21:45:20.686197,https://www.rightmove.co.uk/estate-agents/agent/First-Investments-Group-LTD/Sutton-Coldfield-219011.html
0,True,Clarke Gammon Wellers Haslemere Lettings,0,1,2020-01-29 21:45:20.886661,https://www.rightmove.co.uk/estate-agents/agent/Clarke-Gammon-Wellers/Haslemere-Lettings-219002.html
0,False,Northwood Birmingham - B5 - Lettings,0,32,2020-01-29 21:45:20.958469,https://www.rightmove.co.uk/estate-agents/agent/Northwood/Birmingham---B5---Lettings-219023.html
0,False,Acorn Belvedere,2,0,2020-01-29 21:45:21.183866,https://www.rightmove.co.uk/estate-agents/agent/Acorn/Belvedere-219029.html
1,False,Unipac Properties Accra,10,0,2020-01-29 21:45:21.343440,https://www.rightmove.co.uk/overseas-property/estate-agents/Unipac-Properties/Accra-218990.html
0,True,Balgores Loughton,18,0,2020-01-29 21:45:21.402283,https://www.rightmove.co.uk/estate-agents/agent/Balgores/Loughton-218999.html
2,False,Landa Properties Rochester,0,3,2020-01-29 21:45:21.775286,https://www.rightmove.co.uk/estate-agents/agent/Landa-Properties/Rochester-218942.html
2,False,John Goodwin FRICS Ledbury,6,24,2020-01-29 21:45:21.868038,https://www.rightmove.co.uk/estate-agents/agent/John-Goodwin-FRICS/Ledbury-218993.html
0,False,Countrywide Residential Development North West,0,0,2020-01-29 21:45:21.911921,https://www.rightmove.co.uk/estate-agents/agent/Countrywide-Residential-Development/North-West-218996.html
1,False,The Dolce Vita Rickmansworth,100,0,2020-01-29 21:45:21.945830,https://www.rightmove.co.uk/overseas-property/estate-agents/The-Dolce-Vita/Rickmansworth-218948.html
0,False,ALTAMIRA RESTAURANTE LTD Maidenhead,1,0,2020-01-29 21:45:22.028609,https://www.rightmove.co.uk/estate-agents/agent/ALTAMIRA-RESTAURANTE-LTD/Maidenhead-218954.html
1,False,Realteam Volos,0,0,2020-01-29 21:45:22.118369,https://www.rightmove.co.uk/overseas-property/estate-agents/Realteam/Volos-218939.html
0,False,Roe & Co Residential Sales Bolton,3,0,2020-01-29 21:45:22.170230,https://www.rightmove.co.uk/estate-agents/agent/Roe-and-Co-Residential-Sales/Bolton-218936.html
1,False,Private Seller Colin Daniel,1,0,2020-01-29 21:45:22.199153,https://www.rightmove.co.uk/overseas-property/estate-agents/Private-Seller/Colin-Daniel-218933.html
0,False,Lincoln Miles Estates Newcastle Upon Tyne,24,19,2020-01-29 21:45:22.231068,https://www.rightmove.co.uk/estate-agents/agent/Lincoln-Miles-Estates/Newcastle-Upon-Tyne-218981.html
0,True,Kingsley Wood Estate Agents Bridge of Weir - Lettings,0,10,2020-01-29 21:45:22.297889,https://www.rightmove.co.uk/estate-agents/agent/Kingsley-Wood-Estate-Agents/Bridge-of-Weir---Lettings-218945.html
1,False,Paradise Inmo Santa Eulalia del Rio,35,0,2020-01-29 21:45:22.829468,https://www.rightmove.co.uk/overseas-property/estate-agents/Paradise-Inmo/Santa-Eulalia-del-Rio-218909.html
0,False,Harriet George Kingsbridge,3,0,2020-01-29 21:45:23.115703,https://www.rightmove.co.uk/estate-agents/agent/Harriet-George/Kingsbridge-218873.html
0,False,Barnhill Investments Limited London,0,6,2020-01-29 21:45:23.207457,https://www.rightmove.co.uk/estate-agents/agent/Barnhill-Investments-Limited/London-218870.html
0,False,Paul Newman Sturmanster,1,0,2020-01-29 21:45:23.391964,https://www.rightmove.co.uk/estate-agents/agent/Paul-Newman/Sturmanster-218861.html
0,True,Leaders Sales Altrincham,2,0,2020-01-29 21:45:23.571485,https://www.rightmove.co.uk/estate-agents/agent/Leaders-Sales/Altrincham-218846.html
0,False,Thomas James Estate Agents Shirebrook,12,0,2020-01-29 21:45:23.661244,https://www.rightmove.co.uk/estate-agents/agent/Thomas-James-Estate-Agents/Shirebrook-218891.html
1,False,Private Seller Nic Antony,1,0,2020-01-29 21:45:23.795888,https://www.rightmove.co.uk/overseas-property/estate-agents/Private-Seller/Nic-Antony-218765.html
0,False,Uni Lets Reading,0,73,2020-01-29 21:45:23.972416,https://www.rightmove.co.uk/estate-agents/agent/Uni-Lets/Reading-218768.html
2,False,Nadel London,0,1,2020-01-29 21:45:24.049212,https://www.rightmove.co.uk/estate-agents/agent/Nadel/London-218759.html
0,False,David Britton Estates Cockermouth,23,0,2020-01-29 21:45:24.084118,https://www.rightmove.co.uk/estate-agents/agent/David-Britton-Estates/Cockermouth-218849.html
0,False,British Homesellers National,412,0,2020-01-29 21:45:24.265634,https://www.rightmove.co.uk/estate-agents/agent/British-Homesellers/National-103727.html
0,False,Blueline Homes Ltd Blueline Homes Ltd,1,0,2020-01-29 21:45:24.298545,https://www.rightmove.co.uk/estate-agents/agent/Blueline-Homes-Ltd/Blueline-Homes-Ltd-218774.html
0,False,Joanna Tiley Estate Agents Chew Stoke,1,0,2020-01-29 21:45:24.340433,https://www.rightmove.co.uk/estate-agents/agent/Joanna-Tiley-Estate-Agents/Chew-Stoke-218855.html
1,False,Sol Casas Algarve Devon,0,0,2020-01-29 21:45:24.367361,https://www.rightmove.co.uk/overseas-property/estate-agents/Sol-Casas-Algarve/Devon-218753.html
1,False,Private Seller Kevin Morgan,1,0,2020-01-29 21:45:24.539899,https://www.rightmove.co.uk/overseas-property/estate-agents/Private-Seller/Kevin-Morgan-218744.html
2,False,Men United Limited Reading,0,1,2020-01-29 21:45:24.668556,https://www.rightmove.co.uk/estate-agents/agent/Men-United-Limited/Reading-218738.html
1,False,Private Seller La Gattuta Giuseppe,1,0,2020-01-29 21:45:24.899937,https://www.rightmove.co.uk/overseas-property/estate-agents/Private-Seller/La-Gattuta-Giuseppe-218732.html
1,False,Private Seller Marion Gillich,0,0,2020-01-29 21:45:25.036572,https://www.rightmove.co.uk/overseas-property/estate-agents/Private-Seller/Marion-Gillich-218726.html
1,False,Private Seller T J Bousfield,1,0,2020-01-29 21:45:25.281916,https://www.rightmove.co.uk/overseas-property/estate-agents/Private-Seller/T-J-Bousfield-218720.html
1,False,Private Seller Mr & Mrs Fenton 4,1,0,2020-01-29 21:45:25.353725,https://www.rightmove.co.uk/overseas-property/estate-agents/Private-Seller/Mr-and-Mrs-Fenton-4-218717.html
0,False,Meller Braggins Macclesfield,0,4,2020-01-29 21:45:25.452460,https://www.rightmove.co.uk/estate-agents/agent/Meller-Braggins/Macclesfield-218708.html
0,False,Meller Braggins Northwich,0,7,2020-01-29 21:45:25.555219,https://www.rightmove.co.uk/estate-agents/agent/Meller-Braggins/Northwich-218711.html
0,True,Readings Property Services Elm Park - Lettings,0,11,2020-01-29 21:45:25.778632,https://www.rightmove.co.uk/estate-agents/agent/Readings-Property-Services/Elm-Park---Lettings-218762.html
1,False,Private Seller Fiona Jefferis,1,0,2020-01-29 21:45:25.914293,https://www.rightmove.co.uk/overseas-property/estate-agents/Private-Seller/Fiona-Jefferis-218675.html
1,False,Spain2you Malaga,199,0,2020-01-29 21:45:25.981115,https://www.rightmove.co.uk/overseas-property/estate-agents/Spain2you/Malaga-218678.html
1,False,Private Seller JA,1,0,2020-01-29 21:45:26.378068,https://www.rightmove.co.uk/overseas-property/estate-agents/Private-Seller/JA-218660.html
1,False,Private Seller Martyn Lister,0,0,2020-01-29 21:45:26.674276,https://www.rightmove.co.uk/overseas-property/estate-agents/Private-Seller/Martyn-Lister-218741.html
0,False,MPH Lettings Aylsham,0,10,2020-01-29 21:45:26.722148,https://www.rightmove.co.uk/estate-agents/agent/MPH-Lettings/Aylsham-218639.html
1,False,Private Seller Marc,1,0,2020-01-29 21:45:26.756057,https://www.rightmove.co.uk/overseas-property/estate-agents/Private-Seller/Marc-218636.html
0,False,Woodward Estate Agents Ripley,5,0,2020-01-29 21:45:26.818890,https://www.rightmove.co.uk/estate-agents/agent/Woodward-Estate-Agents/Ripley-218672.html
0,False,Fine & Country Richmond,0,2,2020-01-29 21:45:26.901668,https://www.rightmove.co.uk/estate-agents/agent/Fine-and-Country/Richmond-218669.html
1,False,Private Seller Evelyn Magee,1,0,2020-01-29 21:45:27.048276,https://www.rightmove.co.uk/overseas-property/estate-agents/Private-Seller/Evelyn-Magee-218633.html
1,False,Private Seller John Fenwick,1,0,2020-01-29 21:45:27.099141,https://www.rightmove.co.uk/overseas-property/estate-agents/Private-Seller/John-Fenwick-218630.html
0,False,Meller Braggins Macclesfield,31,0,2020-01-29 21:45:27.314564,https://www.rightmove.co.uk/estate-agents/agent/Meller-Braggins/Macclesfield-218618.html
0,True,Auction House Cumbria Carlisle,27,0,2020-01-29 21:45:27.368421,https://www.rightmove.co.uk/estate-agents/agent/Auction-House-Cumbria/Carlisle-218627.html
0,False,Meller Braggins Stockton Heath,47,0,2020-01-29 21:45:27.516026,https://www.rightmove.co.uk/estate-agents/agent/Meller-Braggins/Stockton-Heath-218624.html
0,False,Meller Braggins Northwich,47,0,2020-01-29 21:45:27.560906,https://www.rightmove.co.uk/estate-agents/agent/Meller-Braggins/Northwich-218621.html
0,False,Meller Braggins Stockton Heath,0,8,2020-01-29 21:45:27.587835,https://www.rightmove.co.uk/estate-agents/agent/Meller-Braggins/Stockton-Heath-218714.html
2,False,Ravenfayre Ltd Leamington Spa,0,1,2020-01-29 21:45:27.627728,https://www.rightmove.co.uk/estate-agents/agent/Ravenfayre-Ltd/Leamington-Spa-218690.html
1,False,Private Seller Richard Jonathan Evans,1,0,2020-01-29 21:45:27.779322,https://www.rightmove.co.uk/overseas-property/estate-agents/Private-Seller/Richard-Jonathan-Evans-218603.html
1,False,Private Seller Stefan Stanev,1,0,2020-01-29 21:45:28.269013,https://www.rightmove.co.uk/overseas-property/estate-agents/Private-Seller/Stefan-Stanev-218579.html
0,False,Capital Portfolio UK Birmingham,6,0,2020-01-29 21:45:28.322869,https://www.rightmove.co.uk/estate-agents/agent/Capital-Portfolio-UK/Birmingham-218576.html
1,False,Private Seller Lesley King,1,0,2020-01-29 21:45:28.352789,https://www.rightmove.co.uk/overseas-property/estate-agents/Private-Seller/Lesley-King-218606.html
0,False,Be-Rented Glasgow,0,1,2020-01-29 21:45:28.655978,https://www.rightmove.co.uk/estate-agents/agent/Be-Rented/Glasgow-218573.html
1,False,Private Seller Mr Barton,1,0,2020-01-29 21:45:28.682907,https://www.rightmove.co.uk/overseas-property/estate-agents/Private-Seller/Mr-Barton-218558.html
1,False,Colli Toscani Figline e Incisa Valdarno,24,0,2020-01-29 21:45:28.745738,https://www.rightmove.co.uk/overseas-property/estate-agents/Colli-Toscani/Figline-e-Incisa-Valdarno-218555.html
0,True,PFK Land Agency Penrith,17,0,2020-01-29 21:45:28.824528,https://www.rightmove.co.uk/estate-agents/agent/PFK-Land-Agency/Penrith-218567.html
0,False,Chancellors Witney New Homes,13,0,2020-01-29 21:45:28.854449,https://www.rightmove.co.uk/estate-agents/agent/Chancellors/Witney-New-Homes-218561.html
1,False,L.A. Mer Estates Paralimni,3,0,2020-01-29 21:45:29.087824,https://www.rightmove.co.uk/overseas-property/estate-agents/LA-Mer-Estates/Paralimni-218546.html
1,False,Private Seller Penny Caro,1,0,2020-01-29 21:45:29.134700,https://www.rightmove.co.uk/overseas-property/estate-agents/Private-Seller/Penny-Caro-218552.html
0,False,Righthaus Properties Bradford,67,13,2020-01-29 21:45:29.164619,https://www.rightmove.co.uk/estate-agents/agent/Righthaus-Properties/Bradford-218585.html
0,False,Properly London,5,0,2020-01-29 21:45:29.190550,https://www.rightmove.co.uk/estate-agents/agent/Properly/London-218600.html
1,False,Private Seller Tine von Goethem,1,0,2020-01-29 21:45:29.249393,https://www.rightmove.co.uk/overseas-property/estate-agents/Private-Seller/Tine-von-Goethem-218543.html
1,False,Private Seller D.D.,1,0,2020-01-29 21:45:29.347131,https://www.rightmove.co.uk/overseas-property/estate-agents/Private-Seller/DD-218540.html
1,False,Del Prado Realty LLC,11,0,2020-01-29 21:45:29.824854,https://www.rightmove.co.uk/overseas-property/estate-agents/Del-Prado-Realty-LLC/Cape-Coral-218537.html
0,False,Sharman Quinney Chatteris,18,0,2020-01-29 21:45:29.986422,https://www.rightmove.co.uk/estate-agents/agent/Sharman-Quinney/Chatteris-218534.html
0,False,Chancellors Headington New Homes Lettings,0,6,2020-01-29 21:45:30.040278,https://www.rightmove.co.uk/estate-agents/agent/Chancellors/Headington-New-Homes-Lettings-218525.html
0,False,Chancellors Newbury New Homes,6,0,2020-01-29 21:45:30.069201,https://www.rightmove.co.uk/estate-agents/agent/Chancellors/Newbury-New-Homes-218522.html
1,False,Phuket Buy House Phuket,60,0,2020-01-29 21:45:30.104108,https://www.rightmove.co.uk/overseas-property/estate-agents/Phuket-Buy-House/Phuket-218531.html
1,False,Alba Property Overseas West Lothian,86,0,2020-01-29 21:45:30.280636,https://www.rightmove.co.uk/overseas-property/estate-agents/Alba-Property-Overseas/West-Lothian-218516.html
1,False,Falgas Immo Girona,98,0,2020-01-29 21:45:30.312551,https://www.rightmove.co.uk/overseas-property/estate-agents/Falgas-Immo/Girona-218528.html
0,False,Chancellors Slough New Homes Lettings,0,13,2020-01-29 21:45:30.348455,https://www.rightmove.co.uk/estate-agents/agent/Chancellors/Slough-New-Homes-Lettings-218513.html
1,False,Daark Real estate Dubai,30,0,2020-01-29 21:45:30.388348,https://www.rightmove.co.uk/overseas-property/estate-agents/Daark-Real-estate/Dubai-218519.html
1,False,Best house estate agency Lublin,9,0,2020-01-29 21:45:30.591805,https://www.rightmove.co.uk/overseas-property/estate-agents/Best-house-estate-agency/Lublin-218507.html
2,False,Easy Offices National,0,3690,2020-01-29 21:45:31.217133,https://www.rightmove.co.uk/estate-agents/agent/Easy-Offices/National-218495.html
1,False,IPP Spain (Iberian Peninsular Properties) SL Fuengirola,56,0,2020-01-29 21:45:31.466466,https://www.rightmove.co.uk/overseas-property/estate-agents/IPP-Spain-Iberian-Peninsular-Properties-SL/Fuengirola-218486.html
1,False,Ax Capital Real Estate Dubai,190,0,2020-01-29 21:45:31.519325,https://www.rightmove.co.uk/overseas-property/estate-agents/Ax-Capital-Real-Estate/Dubai-218489.html
1,False,Alpine Property Search Fleet,11,0,2020-01-29 21:45:31.545255,https://www.rightmove.co.uk/overseas-property/estate-agents/Alpine-Property-Search/Fleet-218474.html
1,False,For Sale By Sally in Spain Urb la Drova Barx,96,0,2020-01-29 21:45:31.584152,https://www.rightmove.co.uk/overseas-property/estate-agents/For-Sale-By-Sally-in-Spain/Urb-la-Drova-Barx-218477.html
1,False,Inland Villas Spain Alicante,96,0,2020-01-29 21:45:31.636013,https://www.rightmove.co.uk/overseas-property/estate-agents/Inland-Villas-Spain/Alicante-218480.html
1,False,Private Seller Sally Barennes,1,0,2020-01-29 21:45:31.658951,https://www.rightmove.co.uk/overseas-property/estate-agents/Private-Seller/Sally-Barennes-218483.html
2,False,Paul Fosh Auctions South Wales,10,0,2020-01-29 21:45:31.794589,https://www.rightmove.co.uk/estate-agents/agent/Paul-Fosh-Auctions/South-Wales-218492.html
0,False,PMG Cardiff LTD Cardiff,0,6,2020-01-29 21:45:32.162605,https://www.rightmove.co.uk/estate-agents/agent/PMG-Cardiff-LTD/Cardiff-218465.html
1,False,Prime House Torremolinos,21,0,2020-01-29 21:45:32.226435,https://www.rightmove.co.uk/overseas-property/estate-agents/Prime-House/Torremolinos-218459.html
0,True,Samuel Makepeace Milton Ltd Stoke On Trent,70,0,2020-01-29 21:45:32.575502,https://www.rightmove.co.uk/estate-agents/agent/Samuel-Makepeace-Milton-Ltd/Stoke-On-Trent-218456.html
1,False,Private Seller Blanche Hampton,1,0,2020-01-29 21:45:32.768985,https://www.rightmove.co.uk/overseas-property/estate-agents/Private-Seller/Blanche-Hampton-218432.html
0,False,Waterman Exclusive Gravesend,10,0,2020-01-29 21:45:32.828825,https://www.rightmove.co.uk/estate-agents/agent/Waterman-Exclusive/Gravesend-218438.html
1,False,Private Seller Harmeet Singh Sanghera,1,0,2020-01-29 21:45:32.970446,https://www.rightmove.co.uk/overseas-property/estate-agents/Private-Seller/Harmeet-Singh-Sanghera-218429.html
1,False,Lewin and Carr Inc Realtors Onancock,36,0,2020-01-29 21:45:33.043251,https://www.rightmove.co.uk/overseas-property/estate-agents/Lewin-and-Carr-Inc-Realtors/Onancock-218423.html
1,False,Spanish Best Homes San Javier,45,0,2020-01-29 21:45:33.261698,https://www.rightmove.co.uk/overseas-property/estate-agents/Spanish-Best-Homes/San-Javier-218498.html
2,False,Sheldon Bosley Knight Warwickshire,10,51,2020-01-29 21:45:33.293611,https://www.rightmove.co.uk/estate-agents/agent/Sheldon-Bosley-Knight/Warwickshire-218501.html
0,True,Albury & Hall Canford Cliffs Canford Cliffs,5,0,2020-01-29 21:45:33.581841,https://www.rightmove.co.uk/estate-agents/agent/Albury-and-Hall-Canford-Cliffs/Canford-Cliffs-218408.html
2,False,Kelly International Transport Limited Kent,0,1,2020-01-29 21:45:34.159298,https://www.rightmove.co.uk/estate-agents/agent/Kelly-International-Transport-Limited/Kent-218366.html
0,False,Twenty Twenty Property Silverton,0,0,2020-01-29 21:45:34.339816,https://www.rightmove.co.uk/estate-agents/agent/Twenty-Twenty-Property/Silverton-218351.html
1,False,Private Seller Anna Dodd,1,0,2020-01-29 21:45:34.698876,https://www.rightmove.co.uk/overseas-property/estate-agents/Private-Seller/Anna-Dodd-218315.html
1,False,Private Seller Mr Krahl,1,0,2020-01-29 21:45:35.041958,https://www.rightmove.co.uk/overseas-property/estate-agents/Private-Seller/Mr-Krahl-218312.html
1,False,Private Seller Mark Cotton,1,0,2020-01-29 21:45:35.067890,https://www.rightmove.co.uk/overseas-property/estate-agents/Private-Seller/Mark-Cotton-218318.html
1,False,Private Seller Kleiber,1,0,2020-01-29 21:45:35.531650,https://www.rightmove.co.uk/overseas-property/estate-agents/Private-Seller/Kleiber-218291.html
1,False,Private Seller An Englishman in Greece,1,0,2020-01-29 21:45:35.739095,https://www.rightmove.co.uk/overseas-property/estate-agents/Private-Seller/An-Englishman-in-Greece-218282.html
0,False,Century 21 Hampton,12,6,2020-01-29 21:45:35.774999,https://www.rightmove.co.uk/estate-agents/agent/Century-21/Hampton-218405.html
0,False,Normie & Co Whitefield,0,27,2020-01-29 21:45:35.829852,https://www.rightmove.co.uk/estate-agents/agent/Normie-and-Co/Whitefield-218285.html
1,False,Alleyne Real Estate Weston,16,0,2020-01-29 21:45:36.098135,https://www.rightmove.co.uk/overseas-property/estate-agents/Alleyne-Real-Estate/Weston-218270.html
0,False,Fine & Country Stroud,3,0,2020-01-29 21:45:36.328519,https://www.rightmove.co.uk/estate-agents/agent/Fine-and-Country/Stroud-218297.html
1,False,Sarl Nicolas Pisani Real Estate Beaulieu sur mer,26,0,2020-01-29 21:45:36.500061,https://www.rightmove.co.uk/overseas-property/estate-agents/Sarl-Nicolas-Pisani-Real-Estate/Beaulieu-sur-mer-218261.html
0,False,Marco Harris Southampton,5,28,2020-01-29 21:45:36.647666,https://www.rightmove.co.uk/estate-agents/agent/Marco-Harris/Southampton-218294.html
0,False,CRM Students Louise  House,0,1,2020-01-29 21:45:36.759369,https://www.rightmove.co.uk/estate-agents/agent/CRM-Students/Louise-House-218243.html
0,True,Auction House South Yorkshire,2,0,2020-01-29 21:45:36.998728,https://www.rightmove.co.uk/estate-agents/agent/Auction-House/South-Yorkshire-218234.html
1,False,BG Hot Property Plovdiv,46,0,2020-01-29 21:45:37.035629,https://www.rightmove.co.uk/overseas-property/estate-agents/BG-Hot-Property/Plovdiv-218231.html
0,False,Savills Lettings Baker Street,0,9,2020-01-29 21:45:37.123395,https://www.rightmove.co.uk/estate-agents/agent/Savills-Lettings/Baker-Street-218222.html
1,False,Costasol Properties Puerto Banus,1,0,2020-01-29 21:45:37.262024,https://www.rightmove.co.uk/overseas-property/estate-agents/Costasol-Properties/Puerto-Banus-218219.html
0,False,Savills Lettings Northern Quarter,0,15,2020-01-29 21:45:37.335827,https://www.rightmove.co.uk/estate-agents/agent/Savills-Lettings/Northern-Quarter-218225.html
1,False,Tops Immobilier Sanvensa,29,0,2020-01-29 21:45:37.484430,https://www.rightmove.co.uk/overseas-property/estate-agents/Tops-Immobilier/Sanvensa-218213.html
0,False,Savills Lettings Faygate,0,12,2020-01-29 21:45:37.526318,https://www.rightmove.co.uk/estate-agents/agent/Savills-Lettings/Faygate-218204.html
1,False,Cabinet de France sas Glux en Glenne,375,0,2020-01-29 21:45:37.632035,https://www.rightmove.co.uk/overseas-property/estate-agents/Cabinet-de-France-sas/Glux-en-Glenne-218201.html
0,False,Savills Lettings North Acton,0,6,2020-01-29 21:45:37.690878,https://www.rightmove.co.uk/estate-agents/agent/Savills-Lettings/North-Acton-218198.html
0,False,Property Trader Ayr,11,0,2020-01-29 21:45:38.138680,https://www.rightmove.co.uk/estate-agents/agent/Property-Trader/Ayr-218186.html
1,False,Private Seller Natacha Fernandes,1,0,2020-01-29 21:45:38.189548,https://www.rightmove.co.uk/overseas-property/estate-agents/Private-Seller/Natacha-Fernandes-218192.html
0,True,Karl Tatler Estate Agents Wallasey,0,3,2020-01-29 21:45:38.349118,https://www.rightmove.co.uk/estate-agents/agent/Karl-Tatler-Estate-Agents/Wallasey-218180.html
0,True,Hayward Fox Lymington - Lettings,0,16,2020-01-29 21:45:38.577508,https://www.rightmove.co.uk/estate-agents/agent/Hayward-Fox/Lymington---Lettings-218183.html
1,False,Sarl Nicolas Pisani Real Estate Villefranche sur mer,30,0,2020-01-29 21:45:38.715140,https://www.rightmove.co.uk/overseas-property/estate-agents/Sarl-Nicolas-Pisani-Real-Estate/Villefranche-sur-mer-218267.html
0,False,Unipol Housing Nottingham,0,16,2020-01-29 21:45:38.745060,https://www.rightmove.co.uk/estate-agents/agent/Unipol-Housing/Nottingham-218168.html
2,False,Bridge House Marina & Caravan Park Preston,0,1,2020-01-29 21:45:38.801908,https://www.rightmove.co.uk/estate-agents/agent/Bridge-House-Marina-and-Caravan-Park/Preston-218150.html
2,False,Savills West End Offices,0,29,2020-01-29 21:45:39.415268,https://www.rightmove.co.uk/estate-agents/agent/Savills/West-End-Offices-218165.html
0,False,Benwell Daykin Estate Agents Ruddington,5,3,2020-01-29 21:45:39.458154,https://www.rightmove.co.uk/estate-agents/agent/Benwell-Daykin-Estate-Agents/Ruddington-218159.html
2,False,Henry H Bletsoe & Son LLP Kettering,2,0,2020-01-29 21:45:39.616729,https://www.rightmove.co.uk/estate-agents/agent/Henry-H-Bletsoe-and-Son-LLP/Kettering-218171.html
1,False,Private Seller Richard James Carpenter,1,0,2020-01-29 21:45:39.833153,https://www.rightmove.co.uk/overseas-property/estate-agents/Private-Seller/Richard-James-Carpenter-218102.html
1,False,Mv Properties Ithaki,60,0,2020-01-29 21:45:39.869055,https://www.rightmove.co.uk/overseas-property/estate-agents/Mv-Properties/Ithaki-218120.html
0,False,Gilson Gray LLP Edinburgh - Lettings,0,18,2020-01-29 21:45:39.939866,https://www.rightmove.co.uk/estate-agents/agent/Gilson-Gray-LLP/Edinburgh---Lettings-218093.html
1,False,ReMax Beach Homes Alicante,30,0,2020-01-29 21:45:40.198175,https://www.rightmove.co.uk/overseas-property/estate-agents/ReMax-Beach-Homes/Alicante-218084.html
0,False,Clockwork Property Hereford,0,1,2020-01-29 21:45:40.413599,https://www.rightmove.co.uk/estate-agents/agent/Clockwork-Property/Hereford-218072.html
1,False,Private Seller Bradley Carden Jones,1,0,2020-01-29 21:45:40.439531,https://www.rightmove.co.uk/overseas-property/estate-agents/Private-Seller/Bradley-Carden-Jones-218099.html
0,False,Chancellors Henley New Homes Lettings,0,4,2020-01-29 21:45:40.580155,https://www.rightmove.co.uk/estate-agents/agent/Chancellors/Henley-New-Homes-Lettings-218066.html
0,True,Cox & Company Hove,0,0,2020-01-29 21:45:40.755685,https://www.rightmove.co.uk/estate-agents/agent/Cox-and-Company/Hove-218057.html
0,False,Liddington Letting & Property Management Ltd Gloucester,33,0,2020-01-29 21:45:41.109739,https://www.rightmove.co.uk/estate-agents/agent/Liddington-Letting-and-Property-Management-Ltd/Gloucester-218090.html
0,False,Nicholson's Estate Agents Retford,22,0,2020-01-29 21:45:41.181547,https://www.rightmove.co.uk/estate-agents/agent/Nicholsons-Estate-Agents/Retford-218060.html
1,False,Leggett Immobilier France 4,3576,0,2020-01-29 21:45:41.503686,https://www.rightmove.co.uk/overseas-property/estate-agents/Leggett-Immobilier/France-4-218033.html
0,False,LPC Residential Salford,7,0,2020-01-29 21:45:41.568512,https://www.rightmove.co.uk/estate-agents/agent/LPC-Residential/Salford-218039.html
1,False,Leggett Immobilier France 2,3636,0,2020-01-29 21:45:41.869707,https://www.rightmove.co.uk/overseas-property/estate-agents/Leggett-Immobilier/France-2-218021.html
1,False,Leggett Immobilier France 3,3564,0,2020-01-29 21:45:42.019307,https://www.rightmove.co.uk/overseas-property/estate-agents/Leggett-Immobilier/France-3-218030.html
0,False,Crown Home Buying & Letting London,2,23,2020-01-29 21:45:42.100091,https://www.rightmove.co.uk/estate-agents/agent/Crown-Home-Buying-and-Letting/London-218051.html
0,True,White & Guard Estate Agents Eastleigh,21,0,2020-01-29 21:45:42.176887,https://www.rightmove.co.uk/estate-agents/agent/White-and-Guard-Estate-Agents/Eastleigh-218015.html
0,False,Dales & Peaks Matlock,48,6,2020-01-29 21:45:42.272630,https://www.rightmove.co.uk/estate-agents/agent/Dales-and-Peaks/Matlock-218036.html
2,False,Sweet Tree London,0,1,2020-01-29 21:45:42.325489,https://www.rightmove.co.uk/estate-agents/agent/Sweet-Tree/London-217997.html
0,False,365 Residential Soham,0,13,2020-01-29 21:45:42.378378,https://www.rightmove.co.uk/estate-agents/agent/365-Residential/Soham-218000.html
2,False,The Mushroom Hub London,0,1,2020-01-29 21:45:42.429242,https://www.rightmove.co.uk/estate-agents/agent/The-Mushroom-Hub/London-218003.html
1,False,Leggett Immobilier France 1,3602,0,2020-01-29 21:45:42.683610,https://www.rightmove.co.uk/overseas-property/estate-agents/Leggett-Immobilier/France-1-218018.html
1,False,Private Seller Carlo Bughi,1,0,2020-01-29 21:45:43.217185,https://www.rightmove.co.uk/overseas-property/estate-agents/Private-Seller/Carlo-Bughi-217964.html
1,False,Private Seller Valmar Laas,1,0,2020-01-29 21:45:43.255083,https://www.rightmove.co.uk/overseas-property/estate-agents/Private-Seller/Valmar-Laas-217967.html
1,False,Private Seller Rupert Bevan,1,0,2020-01-29 21:45:43.351825,https://www.rightmove.co.uk/overseas-property/estate-agents/Private-Seller/Rupert-Bevan-217958.html
0,False,Annafield Estate Agents & Property Management Buckden,8,0,2020-01-29 21:45:43.879414,https://www.rightmove.co.uk/estate-agents/agent/Annafield-Estate-Agents-and-Property-Management/Buckden-217919.html
1,False,IDIMMO IDIMMO JOURDAN Sandrine,0,0,2020-01-29 21:45:44.035995,https://www.rightmove.co.uk/overseas-property/estate-agents/IDIMMO/IDIMMO-JOURDAN-Sandrine-217907.html
0,True,College & County ltd Thame - Sales,3,0,2020-01-29 21:45:44.062924,https://www.rightmove.co.uk/estate-agents/agent/College-and-County-ltd/Thame---Sales-217925.html
0,False,Rampton Baseley Balham,0,0,2020-01-29 21:45:44.100823,https://www.rightmove.co.uk/estate-agents/agent/Rampton-Baseley/Balham-218114.html
2,False,Brackenridge Hanson Tate Limited Leeds,3,31,2020-01-29 21:45:44.203548,https://www.rightmove.co.uk/estate-agents/agent/Brackenridge-Hanson-Tate-Limited/Leeds-217970.html
0,False,Moneyproperties Attleborough,10,0,2020-01-29 21:45:44.342177,https://www.rightmove.co.uk/estate-agents/agent/Moneyproperties/Attleborough-217874.html
0,False,Connect-UK Auctions - Crawley,15,0,2020-01-29 21:45:44.422961,https://www.rightmove.co.uk/estate-agents/agent/Connect-UK/Auctions---Crawley-217880.html
2,False,JKS Manchester,0,1,2020-01-29 21:45:44.457868,https://www.rightmove.co.uk/estate-agents/agent/JKS/Manchester-217877.html
0,False,Holden Estate Agents Tiptree,8,0,2020-01-29 21:45:44.968580,https://www.rightmove.co.uk/estate-agents/agent/Holden-Estate-Agents/Tiptree-217859.html
0,False,Michael Anthony New Homes Bletchley,0,0,2020-01-29 21:45:45.080280,https://www.rightmove.co.uk/estate-agents/agent/Michael-Anthony-New-Homes/Bletchley-217862.html
1,False,TUC IMMO Le Tuc  PUY EN VELAY,0,0,2020-01-29 21:45:45.142115,https://www.rightmove.co.uk/overseas-property/estate-agents/TUC-IMMO/Le-Tuc-PUY-EN-VELAY-217898.html
1,False,Prestige Properties Florence,56,0,2020-01-29 21:45:45.189987,https://www.rightmove.co.uk/overseas-property/estate-agents/Prestige-Properties/Florence-217853.html
0,True,Henry's Estate Agents Biggleswade,1,0,2020-01-29 21:45:45.219908,https://www.rightmove.co.uk/estate-agents/agent/Henrys-Estate-Agents/Biggleswade-217850.html
1,False,Terraços de Quarteira II Terracos de Quarteira II,0,0,2020-01-29 21:45:45.476221,https://www.rightmove.co.uk/overseas-property/estate-agents/Terraos-de-Quarteira-II/Terracos-de-Quarteira-II-217841.html
0,False,JB Student Lettings Canterbury,0,0,2020-01-29 21:45:45.551022,https://www.rightmove.co.uk/estate-agents/agent/JB-Student-Lettings/Canterbury-217847.html
0,False,Veritas Homes Ltd Solihull,13,0,2020-01-29 21:45:45.836259,https://www.rightmove.co.uk/estate-agents/agent/Veritas-Homes-Ltd/Solihull-217832.html
0,False,MOVUNO LIMITED Atherton,0,0,2020-01-29 21:45:45.868174,https://www.rightmove.co.uk/estate-agents/agent/MOVUNO-LIMITED/Atherton-217829.html
1,False,Private Seller Daniil Piankov,1,0,2020-01-29 21:45:46.610190,https://www.rightmove.co.uk/overseas-property/estate-agents/Private-Seller/Daniil-Piankov-217787.html
1,False,Private Seller Sally Searles,1,0,2020-01-29 21:45:46.641108,https://www.rightmove.co.uk/overseas-property/estate-agents/Private-Seller/Sally-Searles-217784.html
0,False,Fresh Student Living Newcastle Upon Tyne,0,8,2020-01-29 21:45:46.705934,https://www.rightmove.co.uk/estate-agents/agent/Fresh-Student-Living/Newcastle-Upon-Tyne-217811.html
1,False,McDonnell Properties Wicklow,7,0,2020-01-29 21:45:46.878473,https://www.rightmove.co.uk/overseas-property/estate-agents/McDonnell-Properties/Wicklow-217769.html
1,False,Private Seller Mr McHugh,1,0,2020-01-29 21:45:46.945295,https://www.rightmove.co.uk/overseas-property/estate-agents/Private-Seller/Mr-McHugh-217778.html
1,False,TORSTEN GÖRLICH IMMOBILIEN Berlin,7,0,2020-01-29 21:45:47.010121,https://www.rightmove.co.uk/overseas-property/estate-agents/TORSTEN-GRLICH-IMMOBILIEN/Berlin-217766.html
1,False,Christie & Co Christie&CO Spain&Portugal,0,0,2020-01-29 21:45:47.079935,https://www.rightmove.co.uk/overseas-property/estate-agents/Christie-and-Co/ChristieandCO-SpainandPortugal-217760.html
1,False,Private Seller Etienne P.R. Spee,1,0,2020-01-29 21:45:47.189642,https://www.rightmove.co.uk/overseas-property/estate-agents/Private-Seller/Etienne-PR-Spee-217835.html
0,True,CLS Property Rayleigh,9,0,2020-01-29 21:45:47.272421,https://www.rightmove.co.uk/estate-agents/agent/CLS-Property/Rayleigh-217772.html
2,False,Accommodation Centre Manchester Commercial,0,0,2020-01-29 21:45:47.367167,https://www.rightmove.co.uk/estate-agents/agent/Accommodation-Centre/Manchester-Commercial-217751.html
0,False,Heartwood Homes St Albans,2,0,2020-01-29 21:45:47.466901,https://www.rightmove.co.uk/estate-agents/agent/Heartwood-Homes/St-Albans-217763.html
1,False,Christie & Co Christie&CO France,1,0,2020-01-29 21:45:47.887791,https://www.rightmove.co.uk/overseas-property/estate-agents/Christie-and-Co/ChristieandCO-France-217742.html
1,False,FBL Central Inmobiliaria S.L Murcia,59,0,2020-01-29 21:45:48.133135,https://www.rightmove.co.uk/overseas-property/estate-agents/FBL-Central-Inmobiliaria-SL/Murcia-217748.html
0,False,Kai Carter Estates Newbury,3,0,2020-01-29 21:45:48.406419,https://www.rightmove.co.uk/estate-agents/agent/Kai-Carter-Estates/Newbury-217724.html
1,False,Isqm Real Estate Athens,41,0,2020-01-29 21:45:48.439331,https://www.rightmove.co.uk/overseas-property/estate-agents/Isqm-Real-Estate/Athens-217727.html
0,False,Redwing Living Limited Plaza 1821,0,5,2020-01-29 21:45:48.605886,https://www.rightmove.co.uk/estate-agents/agent/Redwing-Living-Limited/Plaza-1821-217712.html
1,False,Private Seller Naira Mnatsakanova,0,0,2020-01-29 21:45:48.671709,https://www.rightmove.co.uk/overseas-property/estate-agents/Private-Seller/Naira-Mnatsakanova-217709.html
1,False,Private Seller John Wathuta,1,0,2020-01-29 21:45:48.740526,https://www.rightmove.co.uk/overseas-property/estate-agents/Private-Seller/John-Wathuta-217706.html
1,False,Private Seller Andre Dusi,1,0,2020-01-29 21:45:48.884143,https://www.rightmove.co.uk/overseas-property/estate-agents/Private-Seller/Andre-Dusi-217703.html
1,False,Private Seller Shanel Kemal,1,0,2020-01-29 21:45:49.018782,https://www.rightmove.co.uk/overseas-property/estate-agents/Private-Seller/Shanel-Kemal-217694.html
0,False,Northwood Oldham Lettings,0,4,2020-01-29 21:45:49.153422,https://www.rightmove.co.uk/estate-agents/agent/Northwood/Oldham-Lettings-217955.html
0,False,Waterfords Yateley,0,8,2020-01-29 21:45:49.206280,https://www.rightmove.co.uk/estate-agents/agent/Waterfords/Yateley-217691.html
1,False,Private Seller Georgeta Claudia Lazar,1,0,2020-01-29 21:45:49.237198,https://www.rightmove.co.uk/overseas-property/estate-agents/Private-Seller/Georgeta-Claudia-Lazar-217688.html
0,False,Housesimple.com Midlands,3,0,2020-01-29 21:45:49.531412,https://www.rightmove.co.uk/estate-agents/agent/Housesimplecom/Midlands-217685.html
0,False,RMPlus NCC Brand RMPlus NCC Branch,0,0,2020-01-29 21:45:49.556345,https://www.rightmove.co.uk/estate-agents/agent/RMPlus-NCC-Brand/RMPlus-NCC-Branch-217721.html
2,False,PMW Property Ashbourne,1,9,2020-01-29 21:45:49.722900,https://www.rightmove.co.uk/estate-agents/agent/PMW-Property/Ashbourne-217700.html
0,False,Waterfords Chobham,0,0,2020-01-29 21:45:49.751823,https://www.rightmove.co.uk/estate-agents/agent/Waterfords/Chobham-217682.html
2,False,Neutral Territory Suffolk,0,0,2020-01-29 21:45:49.920372,https://www.rightmove.co.uk/estate-agents/agent/Neutral-Territory/Suffolk-217670.html
1,False,Christie & Co Christie&CO Austria,0,0,2020-01-29 21:45:49.981210,https://www.rightmove.co.uk/overseas-property/estate-agents/Christie-and-Co/ChristieandCO-Austria-217733.html
1,False,Private Seller Marie-Louise Schlemm,1,0,2020-01-29 21:45:50.656405,https://www.rightmove.co.uk/overseas-property/estate-agents/Private-Seller/Marie-Louise-Schlemm-217637.html
1,False,Private Seller Alistair and Yolanda Fairclough 2,1,0,2020-01-29 21:45:51.140111,https://www.rightmove.co.uk/overseas-property/estate-agents/Private-Seller/Alistair-and-Yolanda-Fairclough-2-217631.html
1,False,THE SPANISH BRICK Valencia,35,0,2020-01-29 21:45:51.571958,https://www.rightmove.co.uk/overseas-property/estate-agents/THE-SPANISH-BRICK/Valencia-217604.html
2,False,Armadillo Self Storage Armadillo Daventry,0,1,2020-01-29 21:45:51.653739,https://www.rightmove.co.uk/estate-agents/agent/Armadillo-Self-Storage/Armadillo-Daventry-217640.html
2,False,Armadillo Self Storage Armadillo Liverpool Aintree,0,1,2020-01-29 21:45:51.709589,https://www.rightmove.co.uk/estate-agents/agent/Armadillo-Self-Storage/Armadillo-Liverpool-Aintree-217643.html
1,False,Private Seller Maria Lima da Costa and Fernando Jaime,1,0,2020-01-29 21:45:51.869163,https://www.rightmove.co.uk/overseas-property/estate-agents/Private-Seller/Maria-Lima-da-Costa-and-Fernando-Jaime-217601.html
1,False,Private Seller Jennifer and Kate Farmer,1,0,2020-01-29 21:45:51.905068,https://www.rightmove.co.uk/overseas-property/estate-agents/Private-Seller/Jennifer-and-Kate-Farmer-217667.html
2,False,Sheffield Property To Let Sheffield,0,1,2020-01-29 21:45:52.081596,https://www.rightmove.co.uk/estate-agents/agent/Sheffield-Property-To-Let/Sheffield-217595.html
2,False,Maguire Jackson Birmingham,9,17,2020-01-29 21:45:52.538374,https://www.rightmove.co.uk/estate-agents/agent/Maguire-Jackson/Birmingham-217673.html
1,False,Private Seller Patrick Bugler,1,0,2020-01-29 21:45:52.565301,https://www.rightmove.co.uk/overseas-property/estate-agents/Private-Seller/Patrick-Bugler-217577.html
0,False,A P Morgan Estate Agents Halesowen Online,2,0,2020-01-29 21:45:52.861511,https://www.rightmove.co.uk/estate-agents/agent/A-P-Morgan-Estate-Agents/Halesowen-Online-217562.html
1,False,Lanka Island Properties Galle,34,0,2020-01-29 21:45:52.945286,https://www.rightmove.co.uk/overseas-property/estate-agents/Lanka-Island-Properties/Galle-217568.html
2,False,Virdee Auto Centre Virdee Auto Centre,0,1,2020-01-29 21:45:53.045020,https://www.rightmove.co.uk/estate-agents/agent/Virdee-Auto-Centre/Virdee-Auto-Centre-217550.html
0,False,GR ESTATES Eston,11,0,2020-01-29 21:45:53.147745,https://www.rightmove.co.uk/estate-agents/agent/GR-ESTATES/Eston-217556.html
1,False,Capitol Estate Antalya,498,0,2020-01-29 21:45:53.257452,https://www.rightmove.co.uk/overseas-property/estate-agents/Capitol-Estate/Antalya-217589.html
0,False,Country & Equestrian from Moores Oakham,16,0,2020-01-29 21:45:53.397078,https://www.rightmove.co.uk/estate-agents/agent/Country-and-Equestrian-from-Moores/Oakham-217565.html
1,False,Private Seller Carlo Valli,1,0,2020-01-29 21:45:53.428993,https://www.rightmove.co.uk/overseas-property/estate-agents/Private-Seller/Carlo-Valli-217532.html
0,False,Savills Lettings Wembley,0,13,2020-01-29 21:45:53.579591,https://www.rightmove.co.uk/estate-agents/agent/Savills-Lettings/Wembley-217511.html
0,True,Town & Village Properties Ipswich,35,0,2020-01-29 21:45:53.626465,https://www.rightmove.co.uk/estate-agents/agent/Town-and-Village-Properties/Ipswich-217541.html
0,False,Knight Frank Lettings (ILM) Canary Wharf,0,3,2020-01-29 21:45:53.715228,https://www.rightmove.co.uk/estate-agents/agent/Knight-Frank-Lettings-ILM/Canary-Wharf-217514.html
0,False,Savills Lettings Upton Park,0,13,2020-01-29 21:45:53.856865,https://www.rightmove.co.uk/estate-agents/agent/Savills-Lettings/Upton-Park-217508.html
